id;username;password;email;role
1;till amid;phew osmosis ex-wife;"0@p$#sa_.G%nT";ballot hearty whoever
2;traumatic;upon joyfully event;"jzl@JkAG.9";whether jovially boo
3;invade beneath whoever;strictly checkroom midst;"|-3<VQ@MN.GX}!";irritably dash
4;solitaire;repair hairy admirable;"3U.l@1Q]%a.nF11";villainous jump
5;gah yet ugh;email;"yEk\@<IEFzU.%~9";boohoo successfully tremendously
6;atop carpool gyro;bowdlerize ragged;"b8(@Yb.V7m";certainly
7;dad yippee;ha;"!'@`<vj.nG-P%p";those
8;ahXXX;exhaustion upon;"RWAw@*=[.26";extemporize certainly instead
9;than seller why;round;"JK%Zl@,sdDfF.r^ueYF";swat weatherise
10;without toad;deceivingly;"|@:%dW.S3P^";or enlightened boohoo
