id;name;email;phone;address
1;provided conscious boohoo;"L'e@v`3.O";775.736.5459 x0;../fake-data/blob/hipster.txt
2;supposing ugh;"\BR@$sXKC.LB9=.";274-296-3580 x2;../fake-data/blob/hipster.txt
3;gelding;"#{@}.,)x0";333.244.3375 x7;../fake-data/blob/hipster.txt
4;disposal;"%K@VZF3Y.kS4";211.405.2876 x8;../fake-data/blob/hipster.txt
5;shred who;",:a`@LaY.t";961.596.1163;../fake-data/blob/hipster.txt
6;slump;"L@U-Z!}h.l2";525.995.5167;../fake-data/blob/hipster.txt
7;fooey heavenly;"beL@^ymvf.?l,$";(655) 503-3598;../fake-data/blob/hipster.txt
8;opossum astride;"!4Bc>@;6&:o1.E!hp(";1-885-734-7779 ;../fake-data/blob/hipster.txt
9;yuck between;"P6xo=@HC&Fu.cfp";728-615-6944 x9;../fake-data/blob/hipster.txt
10;navigate;"6#@.<\^`.vx";1-955-836-4438 ;../fake-data/blob/hipster.txt
